timestamp,switch_id,src_ip,dst_ip,src_ip_int,dst_ip_int,protocol,packet_count,byte_count,duration_sec,duration_nsec,packet_rate,byte_rate,label
1776187247,1,10.0.0.1,10.0.0.2,167772161,167772162,0,1,98,4,20000000,0.248756218905473,0,0
1776187247,1,10.0.0.1,10.0.0.3,167772161,167772163,0,1,98,4,5000000,0.249687890137328,0,0
1776187247,1,10.0.0.1,10.0.0.4,167772161,167772164,0,1,98,3,989000000,0.250689395838556,0,0
1776187247,1,10.0.0.1,10.0.0.5,167772161,167772165,0,1,98,3,976000000,0.251509054325956,0,0
1776187247,1,10.0.0.1,10.0.0.6,167772161,167772166,0,1,98,3,964000000,0.252270433905146,0,0
1776187247,1,10.0.0.2,10.0.0.3,167772162,167772163,0,1,98,3,945000000,0.253485424588086,0,0
1776187247,1,10.0.0.2,10.0.0.4,167772162,167772164,0,1,98,3,932000000,0.254323499491353,0,0
1776187247,1,10.0.0.2,10.0.0.5,167772162,167772165,0,1,98,3,918000000,0.255232261357836,0,0
1776187247,1,10.0.0.2,10.0.0.6,167772162,167772166,0,1,98,3,905000000,0.256081946222791,0,0
1776187247,1,10.0.0.3,10.0.0.4,167772163,167772164,0,1,98,3,881000000,0.257665550115949,0,0
1776187247,1,10.0.0.3,10.0.0.5,167772163,167772165,0,1,98,3,868000000,0.258531540847983,0,0
1776187247,1,10.0.0.3,10.0.0.6,167772163,167772166,0,1,98,3,855000000,0.259403372243839,0,0
1776187247,1,10.0.0.4,10.0.0.5,167772164,167772165,0,1,98,3,826000000,0.261369576581286,0,0
1776187247,1,10.0.0.4,10.0.0.6,167772164,167772166,0,1,98,3,815000000,0.262123197903014,0,0
1776187247,1,10.0.0.5,10.0.0.6,167772165,167772166,0,1,98,3,781000000,0.264480296217932,0,0
1776187252,1,10.0.0.1,10.0.0.2,167772161,167772162,0,1,98,9,27000000,0.110778774786751,0,0
1776187252,1,10.0.0.1,10.0.0.3,167772161,167772163,0,1,98,9,12000000,0.110963160230803,0,0
1776187252,1,10.0.0.1,10.0.0.4,167772161,167772164,0,1,98,8,996000000,0.111160515784793,0,0
1776187252,1,10.0.0.1,10.0.0.5,167772161,167772165,0,1,98,8,983000000,0.111321384838027,0,0
1776187252,1,10.0.0.1,10.0.0.6,167772161,167772166,0,2,196,8,971000000,0.222940586333742,0,0
1776187252,1,10.0.0.2,10.0.0.3,167772162,167772163,0,1,98,8,952000000,0.111706881143878,0,0
1776187252,1,10.0.0.2,10.0.0.4,167772162,167772164,0,1,98,8,939000000,0.111869336614834,0,0
1776187252,1,10.0.0.2,10.0.0.5,167772162,167772165,0,1,98,8,925000000,0.112044817927171,0,0
1776187252,1,10.0.0.2,10.0.0.6,167772162,167772166,0,1,98,8,912000000,0.112208258527828,0,0
1776187252,1,10.0.0.3,10.0.0.4,167772163,167772164,0,1,98,8,888000000,0.112511251125113,0,0
1776187252,1,10.0.0.3,10.0.0.5,167772163,167772165,0,1,98,8,875000000,0.112676056338028,0,0
1776187252,1,10.0.0.3,10.0.0.6,167772163,167772166,0,1,98,8,862000000,0.112841345068833,0,0
1776187252,1,10.0.0.4,10.0.0.5,167772164,167772165,0,1,98,8,833000000,0.113211819313936,0,0
1776187252,1,10.0.0.4,10.0.0.6,167772164,167772166,0,1,98,8,822000000,0.113352981183405,0,0
1776187252,1,10.0.0.5,10.0.0.6,167772165,167772166,0,1,98,8,788000000,0.113791533909877,0,0
1776187257,1,10.0.0.1,10.0.0.2,167772161,167772162,0,1,98,14,31000000,0.071270757608153,0,0
1776187257,1,10.0.0.1,10.0.0.3,167772161,167772163,0,1,98,14,16000000,0.07134703196347,0,0
1776187257,1,10.0.0.1,10.0.0.4,167772161,167772164,0,1,98,14,0,0.071428571428572,0,0
1776187257,1,10.0.0.1,10.0.0.5,167772161,167772165,0,1,98,13,987000000,0.071494959605348,0,0
1776187257,1,10.0.0.1,10.0.0.6,167772161,167772166,0,2,196,13,975000000,0.143112701252236,0,0
1776187257,1,10.0.0.2,10.0.0.3,167772162,167772163,0,1,98,13,956000000,0.071653768988249,0,0
1776187257,1,10.0.0.2,10.0.0.4,167772162,167772164,0,1,98,13,943000000,0.071720576633436,0,0
1776187257,1,10.0.0.2,10.0.0.5,167772162,167772165,0,1,98,13,929000000,0.071792662789863,0,0
1776187257,1,10.0.0.2,10.0.0.6,167772162,167772166,0,1,98,13,916000000,0.071859729807416,0,0
1776187257,1,10.0.0.3,10.0.0.4,167772163,167772164,0,1,98,13,892000000,0.071983875611863,0,0
1776187257,1,10.0.0.3,10.0.0.5,167772163,167772165,0,1,98,13,879000000,0.072051300525975,0,0
1776187257,1,10.0.0.3,10.0.0.6,167772163,167772166,0,1,98,13,866000000,0.072118851867878,0,0
1776187257,1,10.0.0.4,10.0.0.5,167772164,167772165,0,1,98,13,837000000,0.0722700007227,0,0
1776187257,1,10.0.0.4,10.0.0.6,167772164,167772166,0,1,98,13,826000000,0.072327498915088,0,0
1776187257,1,10.0.0.5,10.0.0.6,167772165,167772166,0,1,98,13,792000000,0.072505800464037,0,0
1776187262,1,10.0.0.1,10.0.0.2,167772161,167772162,0,1,98,19,36000000,0.052532044547174,0,0
1776187262,1,10.0.0.1,10.0.0.3,167772161,167772163,0,1,98,19,21000000,0.052573471426318,0,0
1776187262,1,10.0.0.1,10.0.0.4,167772161,167772164,0,1,98,19,5000000,0.052617732175743,0,0
1776187262,1,10.0.0.1,10.0.0.5,167772161,167772165,0,1,98,18,992000000,0.052653748946925,0,0
1776187262,1,10.0.0.1,10.0.0.6,167772161,167772166,0,2,196,18,980000000,0.105374077976818,0,0
1776187262,1,10.0.0.2,10.0.0.3,167772162,167772163,0,1,98,18,961000000,0.05273983439692,0,0
1776187262,1,10.0.0.2,10.0.0.4,167772162,167772164,0,1,98,18,948000000,0.052776018577159,0,0
1776187262,1,10.0.0.2,10.0.0.5,167772162,167772165,0,1,98,18,934000000,0.052815041723883,0,0
1776187262,1,10.0.0.2,10.0.0.6,167772162,167772166,0,1,98,18,921000000,0.05285132921093,0,0
1776187262,1,10.0.0.3,10.0.0.4,167772163,167772164,0,1,98,18,897000000,0.052918452664444,0,0
1776187262,1,10.0.0.3,10.0.0.5,167772163,167772165,0,1,98,18,884000000,0.052954882440161,0,0
1776187262,1,10.0.0.3,10.0.0.6,167772163,167772166,0,1,98,18,871000000,0.052991362407928,0,0
1776187262,1,10.0.0.4,10.0.0.5,167772164,167772165,0,1,98,18,842000000,0.053072922195096,0,0
1776187262,1,10.0.0.4,10.0.0.6,167772164,167772166,0,1,98,18,831000000,0.053103924380012,0,0
1776187262,1,10.0.0.5,10.0.0.6,167772165,167772166,0,1,98,18,797000000,0.053199978720009,0,0
1776187267,1,10.0.0.1,10.0.0.2,167772161,167772162,0,1,98,24,39000000,0.041599068180873,0,0
1776187267,1,10.0.0.1,10.0.0.3,167772161,167772163,0,1,98,24,24000000,0.041625041625042,0,0
1776187267,1,10.0.0.1,10.0.0.4,167772161,167772164,0,1,98,24,8000000,0.041652782405865,0,0
1776187267,1,10.0.0.1,10.0.0.5,167772161,167772165,0,1,98,23,995000000,0.041675349031048,0,0
1776187267,1,10.0.0.1,10.0.0.6,167772161,167772166,0,2,196,23,983000000,0.083392402952091,0,0
1776187267,1,10.0.0.2,10.0.0.3,167772162,167772163,0,1,98,23,964000000,0.041729260557503,0,0
1776187267,1,10.0.0.2,10.0.0.4,167772162,167772164,0,1,98,23,951000000,0.041751910149889,0,0
1776187267,1,10.0.0.2,10.0.0.5,167772162,167772165,0,1,98,23,937000000,0.041776329531687,0,0
1776187267,1,10.0.0.2,10.0.0.6,167772162,167772166,0,1,98,23,924000000,0.041799030262498,0,0
1776187267,1,10.0.0.3,10.0.0.4,167772163,167772164,0,1,98,23,900000000,0.041841004184101,0,0
1776187267,1,10.0.0.3,10.0.0.5,167772163,167772165,0,1,98,23,887000000,0.041863775275254,0,0
1776187267,1,10.0.0.3,10.0.0.6,167772163,167772166,0,1,98,23,874000000,0.041886571165284,0,0
1776187267,1,10.0.0.4,10.0.0.5,167772164,167772165,0,1,98,23,845000000,0.041937513105473,0,0
1776187267,1,10.0.0.4,10.0.0.6,167772164,167772166,0,1,98,23,834000000,0.041956868339347,0,0
1776187267,1,10.0.0.5,10.0.0.6,167772165,167772166,0,1,98,23,800000000,0.042016806722689,0,0
1776187272,1,10.0.0.1,10.0.0.2,167772161,167772162,0,1,98,29,42000000,0.034432890296812,0,0
1776187272,1,10.0.0.1,10.0.0.3,167772161,167772163,0,1,98,29,27000000,0.034450683846074,0,0
1776187272,1,10.0.0.1,10.0.0.4,167772161,167772164,0,1,98,29,11000000,0.034469683912999,0,0
1776187272,1,10.0.0.1,10.0.0.5,167772161,167772165,0,1,98,28,998000000,0.034485136905994,0,0
1776187272,1,10.0.0.1,10.0.0.6,167772161,167772166,0,2,196,28,986000000,0.068998827019941,0,0
1776187272,1,10.0.0.2,10.0.0.3,167772162,167772163,0,1,98,28,967000000,0.034522042324024,0,0
1776187272,1,10.0.0.2,10.0.0.4,167772162,167772164,0,1,98,28,954000000,0.034537542308489,0,0
1776187272,1,10.0.0.2,10.0.0.5,167772162,167772165,0,1,98,28,940000000,0.034554250172771,0,0
1776187272,1,10.0.0.2,10.0.0.6,167772162,167772166,0,1,98,28,927000000,0.034569779099112,0,0
1776187272,1,10.0.0.3,10.0.0.4,167772163,167772164,0,1,98,28,903000000,0.034598484586375,0,0
1776187272,1,10.0.0.3,10.0.0.5,167772163,167772165,0,1,98,28,890000000,0.034614053305642,0,0
1776187272,1,10.0.0.3,10.0.0.6,167772163,167772166,0,1,98,28,877000000,0.034629636042525,0,0
1776187272,1,10.0.0.4,10.0.0.5,167772164,167772165,0,1,98,28,848000000,0.034664448141986,0,0
1776187272,1,10.0.0.4,10.0.0.6,167772164,167772166,0,1,98,28,837000000,0.034677671047613,0,0
1776187272,1,10.0.0.5,10.0.0.6,167772165,167772166,0,1,98,28,803000000,0.034718605700795,0,0
1776187277,1,10.0.0.1,10.0.0.6,167772161,167772166,0,2,196,33,989000000,0.05884256671276,0,0
1776187302,1,10.0.0.5,10.0.0.6,167772165,167772166,0,3,294,3,159000000,0.949667616334283,0,0
1776187302,1,10.0.0.6,10.0.0.5,167772166,167772165,0,3,294,3,158000000,0.949968334388854,0,0
1776187307,1,10.0.0.5,10.0.0.6,167772165,167772166,0,4,392,8,162000000,0.490075961774075,0,0
1776187307,1,10.0.0.6,10.0.0.5,167772166,167772165,0,4,392,8,161000000,0.490136012743536,0,0
1776187312,1,10.0.0.5,10.0.0.6,167772165,167772166,0,4,392,13,164000000,0.303859009419629,0,0
1776187312,1,10.0.0.6,10.0.0.5,167772166,167772165,0,4,392,13,163000000,0.303882093747626,0,0
1776187317,1,10.0.0.5,10.0.0.6,167772165,167772166,0,4,392,18,167000000,0.220179446248693,0,0
1776187317,1,10.0.0.6,10.0.0.5,167772166,167772165,0,4,392,18,166000000,0.220191566662997,0,0
1776187322,1,10.0.0.5,10.0.0.6,167772165,167772166,0,4,392,23,169000000,0.172644481850749,0,0
1776187322,1,10.0.0.6,10.0.0.5,167772166,167772165,0,4,392,23,168000000,0.172651933701657,0,0
1776187327,1,10.0.0.5,10.0.0.6,167772165,167772166,0,4,392,28,172000000,0.141984949595343,0,0
1776187327,1,10.0.0.6,10.0.0.5,167772166,167772165,0,4,392,28,171000000,0.141989989705726,0,0
1776187332,1,10.0.0.5,10.0.0.6,167772165,167772166,0,4,392,33,176000000,0.120569086086327,0,0
1776187332,1,10.0.0.6,10.0.0.5,167772166,167772165,0,4,392,33,175000000,0.120572720422005,0,0
1776189432,1,10.0.0.2,10.0.0.6,167772162,167772166,0,28407,1533978,1,678000000,16929.082240762815,0,1
1776189434,1,10.0.0.2,10.0.0.6,167772162,167772166,0,56355,3043170,3,680000000,15313.858695652174,0,1
1776189434,1,10.0.0.6,10.0.0.2,167772166,167772162,0,55490,2996460,3,533000000,15706.198697990378,0,1
1776189434,1,10.0.0.3,10.0.0.6,167772163,167772166,0,16445,888030,1,205000000,13647.302904564314,0,1
1776189434,1,10.0.0.6,10.0.0.3,167772166,167772163,0,14148,763992,0,597000000,23698.49246231156,0,1
1776189437,1,10.0.0.1,10.0.0.6,167772161,167772166,0,231816,12518064,9,788000000,23683.69431957499,0,1
1776189437,1,10.0.0.3,10.0.0.6,167772163,167772166,0,39815,2150010,3,207000000,12415.029622700344,0,1
1776189437,1,10.0.0.6,10.0.0.3,167772166,167772163,0,37493,2024622,2,599000000,14425.933051173528,0,1
1776189437,1,10.0.0.4,10.0.0.6,167772164,167772166,0,7986,431244,0,307000000,26013.029315960914,0,1
1776189437,1,10.0.0.6,10.0.0.4,167772166,167772164,0,3900,210600,0,1000000,3900000.0,0,1
1776189438,1,10.0.0.1,10.0.0.6,167772161,167772166,0,247290,13353660,11,788000000,20978.11333559552,0,1
1776189438,1,10.0.0.6,10.0.0.1,167772166,167772161,0,244580,13207320,10,959000000,22317.72971986495,0,1
1776189438,1,10.0.0.2,10.0.0.6,167772162,167772166,0,93993,5075622,7,682000000,12235.485550637854,0,1
1776189438,1,10.0.0.6,10.0.0.2,167772166,167772162,0,93202,5032908,7,535000000,12369.210351692103,0,1
1776189438,1,10.0.0.3,10.0.0.6,167772163,167772166,0,55914,3019356,5,207000000,10738.2369886691,0,1
1776189438,1,10.0.0.6,10.0.0.3,167772166,167772163,0,53543,2891322,4,599000000,11642.313546423135,0,1
1776189438,1,10.0.0.4,10.0.0.6,167772164,167772166,0,23678,1278612,2,307000000,10263.545730385782,0,1
1776189438,1,10.0.0.6,10.0.0.4,167772166,167772164,0,19494,1052676,0,948000000,20563.291139240508,0,1
1776189440,1,10.0.0.1,10.0.0.6,167772161,167772166,0,266675,14400450,13,816000000,19301.896352055588,0,1
1776189440,1,10.0.0.6,10.0.0.1,167772166,167772161,0,263771,14243634,12,987000000,20310.387310387312,0,1
1776189440,1,10.0.0.2,10.0.0.6,167772162,167772166,0,113603,6134562,9,710000000,11699.588053553038,0,1
1776189440,1,10.0.0.6,10.0.0.2,167772166,167772162,0,112629,6081966,9,563000000,11777.58025724145,0,1
1776189440,1,10.0.0.3,10.0.0.6,167772163,167772166,0,76148,4111992,7,235000000,10524.94816862474,0,1
1776189440,1,10.0.0.6,10.0.0.3,167772166,167772163,0,73642,3976668,6,627000000,11112.418892409838,0,1
1776189440,1,10.0.0.4,10.0.0.6,167772164,167772166,0,41746,2254284,4,335000000,9629.988465974626,0,1
1776189440,1,10.0.0.6,10.0.0.4,167772166,167772164,0,37216,2009664,2,976000000,12505.376344086022,0,1
1776189442,1,10.0.0.1,10.0.0.6,167772161,167772166,0,285472,15415488,15,796000000,18072.42339832869,0,1
1776189442,1,10.0.0.6,10.0.0.1,167772166,167772161,0,282683,15264882,14,967000000,18887.08492015768,0,1
1776189442,1,10.0.0.2,10.0.0.6,167772162,167772166,0,133492,7208568,11,690000000,11419.332763045339,0,1
1776189442,1,10.0.0.6,10.0.0.2,167772166,167772162,0,132656,7163424,11,543000000,11492.3330156805,0,1
1776189442,1,10.0.0.3,10.0.0.6,167772163,167772166,0,95655,5165370,9,215000000,10380.358111774281,0,1
1776189442,1,10.0.0.6,10.0.0.3,167772166,167772163,0,93185,5031990,8,607000000,10826.65272452655,0,1
1776189442,1,10.0.0.4,10.0.0.6,167772164,167772166,0,60633,3274182,6,315000000,9601.425178147269,0,1
1776189442,1,10.0.0.6,10.0.0.4,167772166,167772164,0,56257,3037878,4,956000000,11351.29136400323,0,1
1776189446,1,10.0.0.1,10.0.0.6,167772161,167772166,0,302460,16332840,17,800000000,16992.134831460673,0,1
1776189446,1,10.0.0.3,10.0.0.6,167772163,167772166,0,114542,6185268,11,219000000,10209.644353329175,0,1
1776189446,1,10.0.0.6,10.0.0.3,167772166,167772163,0,111686,6031044,10,611000000,10525.492413533126,0,1
1776189446,1,10.0.0.4,10.0.0.6,167772164,167772166,0,79209,4277286,8,319000000,9521.456905878109,0,1
1776189446,1,10.0.0.6,10.0.0.4,167772166,167772164,0,74566,4026564,6,960000000,10713.505747126437,0,1
1776189446,1,10.0.0.5,10.0.0.6,167772165,167772166,0,11009,594486,0,181000000,60823.2044198895,0,1
1776189446,1,10.0.0.6,10.0.0.5,167772166,167772165,0,1386,74844,0,2000000,693000.0,0,1
1776189446,1,10.0.0.1,10.0.0.6,167772161,167772166,0,317177,17127558,19,803000000,16016.613644397314,0,1
1776189446,1,10.0.0.6,10.0.0.1,167772166,167772161,0,313628,16935912,18,974000000,16529.355960788445,0,1
1776189446,1,10.0.0.2,10.0.0.6,167772162,167772166,0,165522,8938188,15,697000000,10544.817481047334,0,1
1776189446,1,10.0.0.6,10.0.0.2,167772166,167772162,0,164026,8857404,15,550000000,10548.29581993569,0,1
1776189446,1,10.0.0.3,10.0.0.6,167772163,167772166,0,130040,7022160,13,222000000,9835.123279382848,0,1
1776189446,1,10.0.0.4,10.0.0.6,167772164,167772166,0,93036,5023944,10,322000000,9013.36950203449,0,1
1776189446,1,10.0.0.5,10.0.0.6,167772165,167772166,0,25250,1363500,2,184000000,11561.35531135531,0,1
1776189448,1,10.0.0.1,10.0.0.6,167772161,167772166,0,332566,17958564,21,815000000,15244.831537932614,0,1
1776189448,1,10.0.0.2,10.0.0.6,167772162,167772166,0,181276,9788904,17,709000000,10236.37698345474,0,1
1776189448,1,10.0.0.3,10.0.0.6,167772163,167772166,0,145655,7865370,15,234000000,9561.178941840619,0,1
1776189448,1,10.0.0.4,10.0.0.6,167772164,167772166,0,108856,5878224,12,334000000,8825.685098102806,0,1
1776189448,1,10.0.0.5,10.0.0.6,167772165,167772166,0,39599,2138346,4,196000000,9437.321258341279,0,1
1776189450,1,10.0.0.1,10.0.0.6,167772161,167772166,0,345134,18637236,23,812000000,14494.120611456408,0,1
1776189450,1,10.0.0.2,10.0.0.6,167772162,167772166,0,193403,10443762,19,706000000,9814.422003450725,0,1
1776189450,1,10.0.0.3,10.0.0.6,167772163,167772166,0,158429,8555166,17,231000000,9194.417039057511,0,1
1776189450,1,10.0.0.4,10.0.0.6,167772164,167772166,0,120904,6528816,14,331000000,8436.536180308423,0,1
1776189450,1,10.0.0.5,10.0.0.6,167772165,167772166,0,52341,2826414,6,193000000,8451.638947198451,0,1
1776189452,1,10.0.0.1,10.0.0.6,167772161,167772166,0,361048,19496592,25,830000000,13977.8552071235,0,1
1776189452,1,10.0.0.3,10.0.0.6,167772163,167772166,0,173918,9391572,19,249000000,9035.170658216011,0,1
1776189452,1,10.0.0.4,10.0.0.6,167772164,167772166,0,135707,7328178,16,349000000,8300.630007951557,0,1
1776189452,1,10.0.0.5,10.0.0.6,167772165,167772166,0,67213,3629502,8,211000000,8185.726464498843,0,1
1776189454,1,10.0.0.1,10.0.0.6,167772161,167772166,0,377896,20406384,27,812000000,13587.516180066157,0,1
1776189454,1,10.0.0.2,10.0.0.6,167772162,167772166,0,224539,12125106,23,706000000,9471.821479794145,0,1
1776189454,1,10.0.0.3,10.0.0.6,167772163,167772166,0,190283,10275282,21,231000000,8962.507653902312,0,1
1776189454,1,10.0.0.4,10.0.0.6,167772164,167772166,0,150089,8104806,18,331000000,8187.714800065463,0,1
1776189454,1,10.0.0.5,10.0.0.6,167772165,167772166,0,83079,4486266,10,193000000,8150.593544589425,0,1
1776189456,1,10.0.0.1,10.0.0.6,167772161,167772166,0,393526,21250404,29,821000000,13196.27108413534,0,1
1776189456,1,10.0.0.2,10.0.0.6,167772162,167772166,0,240313,12976902,25,715000000,9345.24596538985,0,1
1776189456,1,10.0.0.3,10.0.0.6,167772163,167772166,0,206337,11142198,23,240000000,8878.528399311532,0,1
1776189456,1,10.0.0.4,10.0.0.6,167772164,167772166,0,164343,8874522,20,340000000,8079.793510324484,0,1
1776189456,1,10.0.0.5,10.0.0.6,167772165,167772166,0,98266,5306364,12,202000000,8053.26995574496,0,1
1776189458,1,10.0.0.1,10.0.0.6,167772161,167772166,0,408679,22068666,31,827000000,12840.63845162912,0,1
1776189458,1,10.0.0.3,10.0.0.6,167772163,167772166,0,221917,11983518,25,246000000,8790.184583696428,0,1
1776189458,1,10.0.0.4,10.0.0.6,167772164,167772166,0,179880,9713520,22,346000000,8049.762821086548,0,1
1776189458,1,10.0.0.5,10.0.0.6,167772165,167772166,0,113398,6123492,14,208000000,7981.278153153153,0,1
1776189460,1,10.0.0.1,10.0.0.6,167772161,167772166,0,423538,22871052,33,836000000,12517.377940654924,0,1
1776189460,1,10.0.0.2,10.0.0.6,167772162,167772166,0,271868,14680872,29,730000000,9144.567776656575,0,1
1776189460,1,10.0.0.3,10.0.0.6,167772163,167772166,0,237846,12843684,27,255000000,8726.692350027519,0,1
1776189460,1,10.0.0.4,10.0.0.6,167772164,167772166,0,194866,10522764,24,355000000,8001.067542599056,0,1
1776189460,1,10.0.0.5,10.0.0.6,167772165,167772166,0,128429,6935166,16,217000000,7919.4055620645,0,1
1776189462,1,10.0.0.1,10.0.0.6,167772161,167772166,0,439198,23716692,35,841000000,12254.066571803241,0,1
1776189462,1,10.0.0.2,10.0.0.6,167772162,167772166,0,287498,15524892,31,735000000,9059.335118953837,0,1
1776189462,1,10.0.0.3,10.0.0.6,167772163,167772166,0,253623,13695642,29,260000000,8667.90840738209,0,1
1776189462,1,10.0.0.4,10.0.0.6,167772164,167772166,0,210132,11347128,26,360000000,7971.623672230653,0,1
1776189462,1,10.0.0.5,10.0.0.6,167772165,167772166,0,144296,7791984,18,222000000,7918.779497310942,0,1
1776189464,1,10.0.0.1,10.0.0.6,167772161,167772166,0,455494,24596676,37,843000000,12036.413603572655,0,1
1776189464,1,10.0.0.3,10.0.0.6,167772163,167772166,0,267660,14453640,31,262000000,8561.832256413538,0,1
1776189464,1,10.0.0.4,10.0.0.6,167772164,167772166,0,226240,12216960,28,362000000,7976.870460475285,0,1
1776189464,1,10.0.0.5,10.0.0.6,167772165,167772166,0,159855,8632170,20,224000000,7904.222705696203,0,1
1776189466,1,10.0.0.1,10.0.0.6,167772161,167772166,0,470901,25428654,39,828000000,11823.365471527568,0,1
1776189466,1,10.0.0.2,10.0.0.6,167772162,167772166,0,317353,17137062,35,722000000,8883.965063546273,0,1
1776189466,1,10.0.0.3,10.0.0.6,167772163,167772166,0,282009,15228486,33,247000000,8482.23899900743,0,1
1776189466,1,10.0.0.4,10.0.0.6,167772164,167772166,0,241441,13037814,30,347000000,7956.008831185949,0,1
1776189466,1,10.0.0.5,10.0.0.6,167772165,167772166,0,175861,9496494,22,209000000,7918.456481606556,0,1
1776189468,1,10.0.0.1,10.0.0.6,167772161,167772166,0,487607,26330778,41,835000000,11655.479861360105,0,1
1776189468,1,10.0.0.2,10.0.0.6,167772162,167772166,0,333138,17989452,37,729000000,8829.759601367648,0,1
1776189468,1,10.0.0.3,10.0.0.6,167772163,167772166,0,296748,16024392,35,254000000,8417.427809610257,0,1
1776189468,1,10.0.0.4,10.0.0.6,167772164,167772166,0,256923,13873842,32,354000000,7940.996476478952,0,1
1776189468,1,10.0.0.5,10.0.0.6,167772165,167772166,0,192503,10395162,24,216000000,7949.413610835811,0,1
1776189470,1,10.0.0.1,10.0.0.6,167772161,167772166,0,502492,27134568,43,844000000,11460.906851564638,0,1
1776189470,1,10.0.0.3,10.0.0.6,167772163,167772166,0,312364,16867656,37,263000000,8382.685237366826,0,1
1776189470,1,10.0.0.4,10.0.0.6,167772164,167772166,0,272378,14708412,34,363000000,7926.490702208771,0,1
1776189470,1,10.0.0.5,10.0.0.6,167772165,167772166,0,206340,11142360,26,225000000,7868.064823641563,0,1
1776189472,1,10.0.0.1,10.0.0.6,167772161,167772166,0,518835,28017090,45,846000000,11316.908781573093,0,1
1776189472,1,10.0.0.2,10.0.0.6,167772162,167772166,0,364895,19704330,41,740000000,8742.093914710109,0,1
1776189746,1,10.0.0.1,10.0.0.2,167772161,167772162,0,1,98,4,13000000,0.24919013207077,0,0
1776189746,1,10.0.0.1,10.0.0.3,167772161,167772163,0,1,98,4,4000000,0.2497502497502498,0,0
1776189746,1,10.0.0.1,10.0.0.4,167772161,167772164,0,1,98,3,996000000,0.2502502502502503,0,0
1776189746,1,10.0.0.1,10.0.0.5,167772161,167772165,0,1,98,3,988000000,0.25075225677031093,0,0
1776189746,1,10.0.0.1,10.0.0.6,167772161,167772166,0,1,98,3,979000000,0.25131942699170645,0,0
1776189746,1,10.0.0.2,10.0.0.3,167772162,167772163,0,1,98,3,964000000,0.2522704339051463,0,0
1776189746,1,10.0.0.2,10.0.0.4,167772162,167772164,0,1,98,3,955000000,0.2528445006321112,0,0
1776189746,1,10.0.0.2,10.0.0.5,167772162,167772165,0,1,98,3,946000000,0.25342118601115055,0,0
1776189746,1,10.0.0.2,10.0.0.6,167772162,167772166,0,1,98,3,938000000,0.2539360081259523,0,0
1776189746,1,10.0.0.3,10.0.0.4,167772163,167772164,0,1,98,3,921000000,0.2550369803621525,0,0
1776189746,1,10.0.0.3,10.0.0.5,167772163,167772165,0,1,98,3,912000000,0.2556237218813906,0,0
1776189746,1,10.0.0.3,10.0.0.6,167772163,167772166,0,1,98,3,903000000,0.25621316935690497,0,0
1776189746,1,10.0.0.4,10.0.0.5,167772164,167772165,0,1,98,3,881000000,0.2576655501159495,0,0
1776189746,1,10.0.0.4,10.0.0.6,167772164,167772166,0,1,98,3,873000000,0.2581977794990963,0,0
1776189746,1,10.0.0.5,10.0.0.6,167772165,167772166,0,1,98,3,852000000,0.25960539979231567,0,0
1776189751,1,10.0.0.1,10.0.0.2,167772161,167772162,0,1,98,9,16000000,0.11091393078970718,0,0
1776189751,1,10.0.0.1,10.0.0.3,167772161,167772163,0,1,98,9,7000000,0.11102475852115022,0,0
1776189751,1,10.0.0.1,10.0.0.4,167772161,167772164,0,1,98,8,999000000,0.11112345816201799,0,0
1776189751,1,10.0.0.1,10.0.0.5,167772161,167772165,0,1,98,8,991000000,0.11122233344455568,0,0
1776189751,1,10.0.0.1,10.0.0.6,167772161,167772166,0,1,98,8,982000000,0.11133377866844801,0,0
1776189751,1,10.0.0.2,10.0.0.3,167772162,167772163,0,1,98,8,967000000,0.11152001784320285,0,0
1776189751,1,10.0.0.2,10.0.0.4,167772162,167772164,0,1,98,8,958000000,0.11163206072784103,0,0
1776189751,1,10.0.0.2,10.0.0.5,167772162,167772165,0,1,98,8,949000000,0.11174432897530451,0,0
1776189751,1,10.0.0.2,10.0.0.6,167772162,167772166,0,1,98,8,941000000,0.11184431271669834,0,0
1776189751,1,10.0.0.3,10.0.0.4,167772163,167772164,0,1,98,8,924000000,0.11205737337516809,0,0
1776189751,1,10.0.0.3,10.0.0.5,167772163,167772165,0,1,98,8,915000000,0.11217049915872127,0,0
1776189751,1,10.0.0.3,10.0.0.6,167772163,167772166,0,1,98,8,906000000,0.11228385358185493,0,0
1776189751,1,10.0.0.4,10.0.0.5,167772164,167772165,0,1,98,8,884000000,0.11256190904997748,0,0
1776189751,1,10.0.0.4,10.0.0.6,167772164,167772166,0,1,98,8,876000000,0.11266336187471834,0,0
1776189751,1,10.0.0.5,10.0.0.6,167772165,167772166,0,1,98,8,855000000,0.1129305477131564,0,0
1776189756,1,10.0.0.1,10.0.0.2,167772161,167772162,0,1,98,14,17000000,0.07134194192765927,0,0
1776189756,1,10.0.0.1,10.0.0.3,167772161,167772163,0,1,98,14,8000000,0.07138777841233582,0,0
1776189756,1,10.0.0.1,10.0.0.4,167772161,167772164,0,1,98,14,0,0.07142857142857142,0,0
1776189756,1,10.0.0.1,10.0.0.5,167772161,167772165,0,1,98,13,992000000,0.0714694110920526,0,0
1776189756,1,10.0.0.1,10.0.0.6,167772161,167772166,0,1,98,13,983000000,0.0715154115711936,0,0
1776189756,1,10.0.0.2,10.0.0.3,167772162,167772163,0,1,98,13,968000000,0.0715922107674685,0,0
1776189756,1,10.0.0.2,10.0.0.4,167772162,167772164,0,1,98,13,959000000,0.07163836951070994,0,0
1776189756,1,10.0.0.2,10.0.0.5,167772162,167772165,0,1,98,13,950000000,0.07168458781362008,0,0
1776189756,1,10.0.0.2,10.0.0.6,167772162,167772166,0,1,98,13,942000000,0.07172572084349448,0,0
1776189756,1,10.0.0.3,10.0.0.4,167772163,167772164,0,1,98,13,925000000,0.0718132854578097,0,0
1776189756,1,10.0.0.3,10.0.0.5,167772163,167772165,0,1,98,13,916000000,0.07185972980741592,0,0
1776189756,1,10.0.0.3,10.0.0.6,167772163,167772166,0,1,98,13,907000000,0.07190623427051125,0,0
1776189756,1,10.0.0.4,10.0.0.5,167772164,167772165,0,1,98,13,885000000,0.07202016564638099,0,0
1776189756,1,10.0.0.4,10.0.0.6,167772164,167772166,0,1,98,13,877000000,0.07206168480219068,0,0
1776189756,1,10.0.0.5,10.0.0.6,167772165,167772166,0,1,98,13,856000000,0.07217090069284064,0,0
1776189761,1,10.0.0.1,10.0.0.2,167772161,167772162,0,1,98,19,19000000,0.052578999947421004,0,0
1776189761,1,10.0.0.1,10.0.0.3,167772161,167772163,0,1,98,19,10000000,0.052603892688058915,0,0
1776189761,1,10.0.0.1,10.0.0.4,167772161,167772164,0,1,98,19,2000000,0.05262603936427745,0,0
1776189761,1,10.0.0.1,10.0.0.5,167772161,167772165,0,1,98,18,994000000,0.05264820469621986,0,0
1776189761,1,10.0.0.1,10.0.0.6,167772161,167772166,0,1,98,18,985000000,0.05267316302343956,0,0
1776189761,1,10.0.0.2,10.0.0.3,167772162,167772163,0,1,98,18,970000000,0.05271481286241434,0,0
1776189761,1,10.0.0.2,10.0.0.4,167772162,167772164,0,1,98,18,961000000,0.052739834396919996,0,0
1776189761,1,10.0.0.2,10.0.0.5,167772162,167772165,0,1,98,18,952000000,0.052764879696074296,0,0
1776189761,1,10.0.0.2,10.0.0.6,167772162,167772166,0,1,98,18,944000000,0.052787162162162164,0,0
1776189761,1,10.0.0.3,10.0.0.4,167772163,167772164,0,1,98,18,927000000,0.052834574945844565,0,0
1776189761,1,10.0.0.3,10.0.0.5,167772163,167772165,0,1,98,18,918000000,0.0528597103287874,0,0
1776189761,1,10.0.0.3,10.0.0.6,167772163,167772166,0,1,98,18,909000000,0.05288486963879634,0,0
1776189761,1,10.0.0.4,10.0.0.5,167772164,167772165,0,1,98,18,887000000,0.052946471117700004,0,0
1776189761,1,10.0.0.4,10.0.0.6,167772164,167772166,0,1,98,18,879000000,0.052968907251443396,0,0
1776189761,1,10.0.0.5,10.0.0.6,167772165,167772166,0,1,98,18,858000000,0.05302789267154523,0,0
1776189766,1,10.0.0.1,10.0.0.2,167772161,167772162,0,1,98,24,22000000,0.04162850720173175,0,0
1776189766,1,10.0.0.1,10.0.0.3,167772161,167772163,0,1,98,24,13000000,0.041644109440719605,0,0
1776189766,1,10.0.0.1,10.0.0.4,167772161,167772164,0,1,98,24,5000000,0.04165798791918351,0,0
1776189766,1,10.0.0.1,10.0.0.5,167772161,167772165,0,1,98,23,997000000,0.041671875651123055,0,0
1776189766,1,10.0.0.1,10.0.0.6,167772161,167772166,0,1,98,23,988000000,0.041687510421877606,0,0
1776189766,1,10.0.0.2,10.0.0.3,167772162,167772163,0,1,98,23,973000000,0.041713594460434655,0,0
1776189766,1,10.0.0.2,10.0.0.4,167772162,167772164,0,1,98,23,964000000,0.04172926055750292,0,0
1776189766,1,10.0.0.2,10.0.0.5,167772162,167772165,0,1,98,23,955000000,0.04174493842621582,0,0
1776189766,1,10.0.0.2,10.0.0.6,167772162,167772166,0,1,98,23,947000000,0.04175888420261411,0,0
1776189766,1,10.0.0.3,10.0.0.4,167772163,167772164,0,1,98,23,930000000,0.041788549937317176,0,0
1776189766,1,10.0.0.3,10.0.0.5,167772163,167772165,0,1,98,23,921000000,0.04180427239663894,0,0
1776189766,1,10.0.0.3,10.0.0.6,167772163,167772166,0,1,98,23,912000000,0.041820006691201075,0,0
1776189766,1,10.0.0.4,10.0.0.5,167772164,167772165,0,1,98,23,890000000,0.04185851820845542,0,0
1776189766,1,10.0.0.4,10.0.0.6,167772164,167772166,0,1,98,23,882000000,0.041872539988275684,0,0
1776189766,1,10.0.0.5,10.0.0.6,167772165,167772166,0,1,98,23,861000000,0.041909391894723605,0,0
1776189771,1,10.0.0.1,10.0.0.2,167772161,167772162,0,1,98,29,23000000,0.03445543189883885,0,0
1776189771,1,10.0.0.1,10.0.0.3,167772161,167772163,0,1,98,29,14000000,0.03446611980423244,0,0
1776189771,1,10.0.0.1,10.0.0.4,167772161,167772164,0,1,98,29,6000000,0.03447562573260705,0,0
1776189771,1,10.0.0.1,10.0.0.5,167772161,167772165,0,1,98,28,998000000,0.034485136905993516,0,0
1776189771,1,10.0.0.1,10.0.0.6,167772161,167772166,0,1,98,28,989000000,0.03449584325088827,0,0
1776189771,1,10.0.0.2,10.0.0.3,167772162,167772163,0,1,98,28,974000000,0.03451370193967005,0,0
1776189771,1,10.0.0.2,10.0.0.4,167772162,167772164,0,1,98,28,965000000,0.03452442603141723,0,0
1776189771,1,10.0.0.2,10.0.0.5,167772162,167772165,0,1,98,28,956000000,0.034535156789611825,0,0
1776189771,1,10.0.0.2,10.0.0.6,167772162,167772166,0,1,98,28,948000000,0.0345447008428907,0,0
1776189771,1,10.0.0.3,10.0.0.4,167772163,167772164,0,1,98,28,931000000,0.034564999481525006,0,0
1776189771,1,10.0.0.3,10.0.0.5,167772163,167772165,0,1,98,28,922000000,0.03457575548025724,0,0
1776189771,1,10.0.0.3,10.0.0.6,167772163,167772166,0,1,98,28,913000000,0.034586518175215304,0,0
1776189771,1,10.0.0.4,10.0.0.5,167772164,167772165,0,1,98,28,891000000,0.03461285521442664,0,0
1776189771,1,10.0.0.4,10.0.0.6,167772164,167772166,0,1,98,28,883000000,0.03462244226707752,0,0
1776189771,1,10.0.0.5,10.0.0.6,167772165,167772166,0,1,98,28,862000000,0.0346476335666274,0,0
1776189791,1,10.0.0.2,10.0.0.6,167772162,167772166,0,9189,496206,0,847000000,10848.87839433294,0,0
1776189791,1,10.0.0.6,10.0.0.2,167772166,167772162,0,7664,413856,0,487000000,15737.166324435319,0,0
1776189796,1,10.0.0.2,10.0.0.6,167772162,167772166,0,93270,5036580,5,849000000,15946.315609505898,0,0
1776189796,1,10.0.0.6,10.0.0.2,167772166,167772162,0,91970,4966380,5,489000000,16755.328839497175,0,0
1776189796,1,10.0.0.3,10.0.0.6,167772163,167772166,0,11379,614466,0,748000000,15212.566844919786,0,0
1776189796,1,10.0.0.6,10.0.0.3,167772166,167772163,0,12212,659448,0,633000000,19292.259083728277,0,0
1776189801,1,10.0.0.2,10.0.0.6,167772162,167772166,0,93270,5036580,10,850000000,8596.3133640553,0,0
1776189801,1,10.0.0.6,10.0.0.2,167772166,167772162,0,91970,4966380,10,490000000,8767.397521448998,0,0
1776189801,1,10.0.0.3,10.0.0.6,167772163,167772166,0,13058,705132,5,749000000,2271.3515393981565,0,0
1776189801,1,10.0.0.6,10.0.0.3,167772166,167772163,0,13864,748656,5,634000000,2460.773872914448,0,0
1776190045,1,10.0.0.1,10.0.0.2,167772161,167772162,0,1,98,1,790000000,0.5586592178770949,0,0
1776190045,1,10.0.0.1,10.0.0.3,167772161,167772163,0,1,98,1,782000000,0.5611672278338945,0,0
1776190045,1,10.0.0.1,10.0.0.4,167772161,167772164,0,1,98,1,775000000,0.5633802816901409,0,0
1776190045,1,10.0.0.1,10.0.0.5,167772161,167772165,0,1,98,1,767000000,0.5659309564233164,0,0
1776190045,1,10.0.0.1,10.0.0.6,167772161,167772166,0,1,98,1,759000000,0.5685048322910745,0,0
1776190045,1,10.0.0.2,10.0.0.3,167772162,167772163,0,1,98,1,746000000,0.572737686139748,0,0
1776190045,1,10.0.0.2,10.0.0.4,167772162,167772164,0,1,98,1,736000000,0.5760368663594471,0,0
1776190045,1,10.0.0.2,10.0.0.5,167772162,167772165,0,1,98,1,727000000,0.5790387955993052,0,0
1776190045,1,10.0.0.2,10.0.0.6,167772162,167772166,0,1,98,1,719000000,0.5817335660267597,0,0
1776190045,1,10.0.0.3,10.0.0.4,167772163,167772164,0,1,98,1,704000000,0.5868544600938967,0,0
1776190045,1,10.0.0.3,10.0.0.5,167772163,167772165,0,1,98,1,696000000,0.589622641509434,0,0
1776190045,1,10.0.0.3,10.0.0.6,167772163,167772166,0,1,98,1,688000000,0.5924170616113744,0,0
1776190045,1,10.0.0.4,10.0.0.5,167772164,167772165,0,1,98,1,667000000,0.5998800239952009,0,0
1776190045,1,10.0.0.4,10.0.0.6,167772164,167772166,0,1,98,1,658000000,0.6031363088057902,0,0
1776190045,1,10.0.0.5,10.0.0.6,167772165,167772166,0,1,98,1,633000000,0.612369871402327,0,0
1776190047,1,10.0.0.1,10.0.0.2,167772161,167772162,0,1,98,3,793000000,0.26364355391510674,0,0
1776190047,1,10.0.0.1,10.0.0.3,167772161,167772163,0,1,98,3,785000000,0.2642007926023778,0,0
1776190047,1,10.0.0.1,10.0.0.4,167772161,167772164,0,1,98,3,778000000,0.2646903123345686,0,0
1776190047,1,10.0.0.1,10.0.0.5,167772161,167772165,0,1,98,3,770000000,0.26525198938992045,0,0
1776190047,1,10.0.0.1,10.0.0.6,167772161,167772166,0,1,98,3,762000000,0.2658160552897395,0,0
1776190047,1,10.0.0.2,10.0.0.3,167772162,167772163,0,1,98,3,749000000,0.2667377967457989,0,0
1776190047,1,10.0.0.2,10.0.0.4,167772162,167772164,0,1,98,3,739000000,0.2674511901577962,0,0
1776190047,1,10.0.0.2,10.0.0.5,167772162,167772165,0,1,98,3,730000000,0.2680965147453083,0,0
1776190047,1,10.0.0.2,10.0.0.6,167772162,167772166,0,1,98,3,722000000,0.2686727565824825,0,0
1776190047,1,10.0.0.3,10.0.0.4,167772163,167772164,0,1,98,3,707000000,0.2697599136768276,0,0
1776190047,1,10.0.0.3,10.0.0.5,167772163,167772165,0,1,98,3,699000000,0.2703433360367667,0,0
1776190047,1,10.0.0.3,10.0.0.6,167772163,167772166,0,1,98,3,691000000,0.270929287455974,0,0
1776190047,1,10.0.0.4,10.0.0.5,167772164,167772165,0,1,98,3,670000000,0.2724795640326976,0,0
1776190047,1,10.0.0.4,10.0.0.6,167772164,167772166,0,1,98,3,661000000,0.27314941272876264,0,0
1776190047,1,10.0.0.5,10.0.0.6,167772165,167772166,0,1,98,3,636000000,0.27502750275027504,0,0
1776190049,1,10.0.0.1,10.0.0.2,167772161,167772162,0,1,98,5,794000000,0.17259233690024162,0,0
1776190049,1,10.0.0.1,10.0.0.3,167772161,167772163,0,1,98,5,786000000,0.17283097131005878,0,0
1776190049,1,10.0.0.1,10.0.0.4,167772161,167772164,0,1,98,5,779000000,0.17304031839418585,0,0
1776190049,1,10.0.0.1,10.0.0.5,167772161,167772165,0,1,98,5,771000000,0.17328019407381737,0,0
1776190049,1,10.0.0.1,10.0.0.6,167772161,167772166,0,1,98,5,763000000,0.17352073572791948,0,0
1776190049,1,10.0.0.2,10.0.0.3,167772162,167772163,0,1,98,5,750000000,0.17391304347826086,0,0
1776190049,1,10.0.0.2,10.0.0.4,167772162,167772164,0,1,98,5,740000000,0.17421602787456444,0,0
1776190049,1,10.0.0.2,10.0.0.5,167772162,167772165,0,1,98,5,731000000,0.17448961786773687,0,0
1776190049,1,10.0.0.2,10.0.0.6,167772162,167772166,0,1,98,5,723000000,0.17473353136466888,0,0
1776190049,1,10.0.0.3,10.0.0.4,167772163,167772164,0,1,98,5,708000000,0.17519271198318148,0,0
1776190049,1,10.0.0.3,10.0.0.5,167772163,167772165,0,1,98,5,700000000,0.17543859649122806,0,0
1776190049,1,10.0.0.3,10.0.0.6,167772163,167772166,0,1,98,5,692000000,0.17568517217146873,0,0
1776190049,1,10.0.0.4,10.0.0.5,167772164,167772165,0,1,98,5,671000000,0.1763357432551578,0,0
1776190049,1,10.0.0.4,10.0.0.6,167772164,167772166,0,1,98,5,662000000,0.17661603673613566,0,0
1776190049,1,10.0.0.5,10.0.0.6,167772165,167772166,0,1,98,5,637000000,0.17739932588256163,0,0
1776190051,1,10.0.0.1,10.0.0.2,167772161,167772162,0,1,98,7,795000000,0.12828736369467608,0,0
1776190051,1,10.0.0.1,10.0.0.3,167772161,167772163,0,1,98,7,787000000,0.1284191601386927,0,0
1776190051,1,10.0.0.1,10.0.0.4,167772161,167772164,0,1,98,7,780000000,0.12853470437017994,0,0
1776190051,1,10.0.0.1,10.0.0.5,167772161,167772165,0,1,98,7,772000000,0.12866700977869275,0,0
1776190051,1,10.0.0.1,10.0.0.6,167772161,167772166,0,1,98,7,764000000,0.1287995878413189,0,0
1776190051,1,10.0.0.2,10.0.0.3,167772162,167772163,0,1,98,7,751000000,0.12901561088891755,0,0
1776190051,1,10.0.0.2,10.0.0.4,167772162,167772164,0,1,98,7,741000000,0.1291822761917065,0,0
1776190051,1,10.0.0.2,10.0.0.5,167772162,167772165,0,1,98,7,732000000,0.12933264355923435,0,0
1776190051,1,10.0.0.2,10.0.0.6,167772162,167772166,0,1,98,7,724000000,0.1294665976178146,0,0
1776190051,1,10.0.0.3,10.0.0.4,167772163,167772164,0,1,98,7,709000000,0.12971851083149566,0,0
1776190051,1,10.0.0.3,10.0.0.5,167772163,167772165,0,1,98,7,701000000,0.12985326580963513,0,0
1776190051,1,10.0.0.3,10.0.0.6,167772163,167772166,0,1,98,7,693000000,0.12998830105290524,0,0
1776190051,1,10.0.0.4,10.0.0.5,167772164,167772165,0,1,98,7,672000000,0.13034410844629823,0,0
1776190051,1,10.0.0.4,10.0.0.6,167772164,167772166,0,1,98,7,663000000,0.13049719431032233,0,0
1776190051,1,10.0.0.5,10.0.0.6,167772165,167772166,0,1,98,7,638000000,0.13092432573972243,0,0
1776190053,1,10.0.0.1,10.0.0.2,167772161,167772162,0,1,98,9,800000000,0.1020408163265306,0,0
1776190053,1,10.0.0.1,10.0.0.3,167772161,167772163,0,1,98,9,792000000,0.10212418300653595,0,0
1776190053,1,10.0.0.1,10.0.0.4,167772161,167772164,0,1,98,9,785000000,0.10219724067450178,0,0
1776190053,1,10.0.0.1,10.0.0.5,167772161,167772165,0,1,98,9,777000000,0.10228086325048584,0,0
1776190053,1,10.0.0.1,10.0.0.6,167772161,167772166,0,1,98,9,769000000,0.10236462278636503,0,0
1776190053,1,10.0.0.2,10.0.0.3,167772162,167772163,0,1,98,9,756000000,0.1025010250102501,0,0
1776190053,1,10.0.0.2,10.0.0.4,167772162,167772164,0,1,98,9,746000000,0.10260619741432382,0,0
1776190053,1,10.0.0.2,10.0.0.5,167772162,167772165,0,1,98,9,737000000,0.10270103728047653,0,0
1776190053,1,10.0.0.2,10.0.0.6,167772162,167772166,0,1,98,9,729000000,0.10278548668927948,0,0
1776190053,1,10.0.0.3,10.0.0.4,167772163,167772164,0,1,98,9,714000000,0.10294420424130121,0,0
1776190053,1,10.0.0.3,10.0.0.5,167772163,167772165,0,1,98,9,706000000,0.10302905419328251,0,0
1776190053,1,10.0.0.3,10.0.0.6,167772163,167772166,0,1,98,9,698000000,0.10311404413281089,0,0
1776190053,1,10.0.0.4,10.0.0.5,167772164,167772165,0,1,98,9,677000000,0.10333781130515655,0,0
1776190053,1,10.0.0.4,10.0.0.6,167772164,167772166,0,1,98,9,668000000,0.1034340091021928,0,0
1776190053,1,10.0.0.5,10.0.0.6,167772165,167772166,0,1,98,9,643000000,0.10370216737529814,0,0
1776190055,1,10.0.0.1,10.0.0.2,167772161,167772162,0,1,98,11,797000000,0.08476731372382809,0,0
1776190055,1,10.0.0.1,10.0.0.3,167772161,167772163,0,1,98,11,789000000,0.08482483671218934,0,0
1776190055,1,10.0.0.1,10.0.0.4,167772161,167772164,0,1,98,11,782000000,0.08487523340689188,0,0
1776190055,1,10.0.0.1,10.0.0.5,167772161,167772165,0,1,98,11,774000000,0.08493290300662476,0,0
1776190055,1,10.0.0.1,10.0.0.6,167772161,167772166,0,1,98,11,766000000,0.08499065102838688,0,0
1776190055,1,10.0.0.2,10.0.0.3,167772162,167772163,0,1,98,11,753000000,0.08508465923593976,0,0
1776190055,1,10.0.0.2,10.0.0.4,167772162,167772164,0,1,98,11,743000000,0.08515711487694796,0,0
1776190055,1,10.0.0.2,10.0.0.5,167772162,167772165,0,1,98,11,734000000,0.08522243054371911,0,0
1776190055,1,10.0.0.2,10.0.0.6,167772162,167772166,0,1,98,11,726000000,0.08528057308545114,0,0
1776190055,1,10.0.0.3,10.0.0.4,167772163,167772164,0,1,98,11,711000000,0.08538980445734778,0,0
1776190055,1,10.0.0.3,10.0.0.5,167772163,167772165,0,1,98,11,703000000,0.0854481756814492,0,0
1776190055,1,10.0.0.3,10.0.0.6,167772163,167772166,0,1,98,11,695000000,0.08550662676357418,0,0
1776190055,1,10.0.0.4,10.0.0.5,167772164,167772165,0,1,98,11,674000000,0.08566044200788077,0,0
1776190055,1,10.0.0.4,10.0.0.6,167772164,167772166,0,1,98,11,665000000,0.08572653236176597,0,0
1776190055,1,10.0.0.5,10.0.0.6,167772165,167772166,0,1,98,11,640000000,0.0859106529209622,0,0
1776190057,1,10.0.0.1,10.0.0.2,167772161,167772162,0,1,98,13,816000000,0.07237984944991314,0,0
1776190057,1,10.0.0.1,10.0.0.3,167772161,167772163,0,1,98,13,808000000,0.07242178447276941,0,0
1776190057,1,10.0.0.1,10.0.0.4,167772161,167772164,0,1,98,13,801000000,0.07245851749873197,0,0
1776190057,1,10.0.0.1,10.0.0.5,167772161,167772165,0,1,98,13,793000000,0.07250054375407816,0,0
1776190057,1,10.0.0.1,10.0.0.6,167772161,167772166,0,1,98,13,785000000,0.07254261878853827,0,0
1776190057,1,10.0.0.2,10.0.0.3,167772162,167772163,0,1,98,13,772000000,0.07261109497531222,0,0
1776190057,1,10.0.0.2,10.0.0.4,167772162,167772164,0,1,98,13,762000000,0.07266385699752943,0,0
1776190057,1,10.0.0.2,10.0.0.5,167772162,167772165,0,1,98,13,753000000,0.0727114084199811,0,0
1776190057,1,10.0.0.2,10.0.0.6,167772162,167772166,0,1,98,13,745000000,0.07275372862859222,0,0
1776190057,1,10.0.0.3,10.0.0.4,167772163,167772164,0,1,98,13,730000000,0.07283321194464676,0,0
1776190057,1,10.0.0.3,10.0.0.5,167772163,167772165,0,1,98,13,722000000,0.07287567409998542,0,0
1776190057,1,10.0.0.3,10.0.0.6,167772163,167772166,0,1,98,13,714000000,0.07291818579553741,0,0
1776190057,1,10.0.0.4,10.0.0.5,167772164,167772165,0,1,98,13,693000000,0.07303001533630323,0,0
1776190057,1,10.0.0.4,10.0.0.6,167772164,167772166,0,1,98,13,684000000,0.0730780473545747,0,0
1776190057,1,10.0.0.5,10.0.0.6,167772165,167772166,0,1,98,13,659000000,0.07321180174244088,0,0
1776190059,1,10.0.0.1,10.0.0.2,167772161,167772162,0,1,98,15,803000000,0.06327912421692083,0,0
1776190059,1,10.0.0.1,10.0.0.3,167772161,167772163,0,1,98,15,795000000,0.06331117442228554,0,0
1776190059,1,10.0.0.1,10.0.0.4,167772161,167772164,0,1,98,15,788000000,0.06333924499619964,0,0
1776190059,1,10.0.0.1,10.0.0.5,167772161,167772165,0,1,98,15,780000000,0.06337135614702155,0,0
1776190059,1,10.0.0.1,10.0.0.6,167772161,167772166,0,1,98,15,772000000,0.063403499873193,0,0
1776190059,1,10.0.0.2,10.0.0.3,167772162,167772163,0,1,98,15,759000000,0.06345580303318739,0,0
1776190059,1,10.0.0.2,10.0.0.4,167772162,167772164,0,1,98,15,749000000,0.0634960949901581,0,0
1776190059,1,10.0.0.2,10.0.0.5,167772162,167772165,0,1,98,15,740000000,0.06353240152477764,0,0
1776190059,1,10.0.0.2,10.0.0.6,167772162,167772166,0,1,98,15,732000000,0.06356470887363336,0,0
1776190059,1,10.0.0.3,10.0.0.4,167772163,167772164,0,1,98,15,717000000,0.06362537379907107,0,0
1776190059,1,10.0.0.3,10.0.0.5,167772163,167772165,0,1,98,15,709000000,0.06365777579731365,0,0
1776190059,1,10.0.0.3,10.0.0.6,167772163,167772166,0,1,98,15,701000000,0.06369021081459779,0,0
1776190059,1,10.0.0.4,10.0.0.5,167772164,167772165,0,1,98,15,680000000,0.06377551020408163,0,0
1776190059,1,10.0.0.4,10.0.0.6,167772164,167772166,0,1,98,15,671000000,0.06381213706847043,0,0
1776190059,1,10.0.0.5,10.0.0.6,167772165,167772166,0,1,98,15,646000000,0.06391409945033874,0,0
1776190061,1,10.0.0.1,10.0.0.2,167772161,167772162,0,1,98,17,805000000,0.05616399887672002,0,0
1776190061,1,10.0.0.1,10.0.0.3,167772161,167772163,0,1,98,17,797000000,0.05618924537843457,0,0
1776190061,1,10.0.0.1,10.0.0.4,167772161,167772164,0,1,98,17,790000000,0.056211354693648116,0,0
1776190061,1,10.0.0.1,10.0.0.5,167772161,167772165,0,1,98,17,782000000,0.05623664379709819,0,0
1776190061,1,10.0.0.1,10.0.0.6,167772161,167772166,0,1,98,17,774000000,0.056261955665578935,0,0
1776190061,1,10.0.0.2,10.0.0.3,167772162,167772163,0,1,98,17,761000000,0.05630313608467992,0,0
1776190061,1,10.0.0.2,10.0.0.4,167772162,167772164,0,1,98,17,751000000,0.05633485437440144,0,0
1776190061,1,10.0.0.2,10.0.0.5,167772162,167772165,0,1,98,17,742000000,0.056363431405703976,0,0
1776190061,1,10.0.0.2,10.0.0.6,167772162,167772166,0,1,98,17,734000000,0.056388857561745796,0,0
1776190061,1,10.0.0.3,10.0.0.4,167772163,167772164,0,1,98,17,719000000,0.05643659348721711,0,0
1776190061,1,10.0.0.3,10.0.0.5,167772163,167772165,0,1,98,17,711000000,0.056462085709446115,0,0
1776190061,1,10.0.0.3,10.0.0.6,167772163,167772166,0,1,98,17,703000000,0.05648760097158674,0,0
1776190061,1,10.0.0.4,10.0.0.5,167772164,167772165,0,1,98,17,682000000,0.056554688383667014,0,0
1776190061,1,10.0.0.4,10.0.0.6,167772164,167772166,0,1,98,17,673000000,0.05658348893792791,0,0
1776190061,1,10.0.0.5,10.0.0.6,167772165,167772166,0,1,98,17,648000000,0.05666364460562103,0,0
1776190063,1,10.0.0.1,10.0.0.2,167772161,167772162,0,1,98,19,808000000,0.050484652665589665,0,0
1776190063,1,10.0.0.1,10.0.0.3,167772161,167772163,0,1,98,19,800000000,0.050505050505050504,0,0
1776190063,1,10.0.0.1,10.0.0.4,167772161,167772164,0,1,98,19,793000000,0.05052291214065579,0,0
1776190063,1,10.0.0.1,10.0.0.5,167772161,167772165,0,1,98,19,785000000,0.05054334091483447,0,0
1776190063,1,10.0.0.1,10.0.0.6,167772161,167772166,0,1,98,19,777000000,0.05056378621631188,0,0
1776190063,1,10.0.0.2,10.0.0.3,167772162,167772163,0,1,98,19,764000000,0.05059704513256426,0,0
1776190063,1,10.0.0.2,10.0.0.4,167772162,167772164,0,1,98,19,754000000,0.05062265870203503,0,0
1776190063,1,10.0.0.2,10.0.0.5,167772162,167772165,0,1,98,19,745000000,0.05064573309698658,0,0
1776190063,1,10.0.0.2,10.0.0.6,167772162,167772166,0,1,98,19,737000000,0.05066626133657598,0,0
1776190063,1,10.0.0.3,10.0.0.4,167772163,167772164,0,1,98,19,722000000,0.05070479667376533,0,0
1776190063,1,10.0.0.3,10.0.0.5,167772163,167772165,0,1,98,19,714000000,0.05072537283149031,0,0
1776190063,1,10.0.0.3,10.0.0.6,167772163,167772166,0,1,98,19,706000000,0.05074596569572719,0,0
1776190063,1,10.0.0.4,10.0.0.5,167772164,167772165,0,1,98,19,685000000,0.05080010160020321,0,0
1776190063,1,10.0.0.4,10.0.0.6,167772164,167772166,0,1,98,19,676000000,0.050823338076844894,0,0
1776190063,1,10.0.0.5,10.0.0.6,167772165,167772166,0,1,98,19,651000000,0.0508879955218564,0,0
1776190065,1,10.0.0.1,10.0.0.2,167772161,167772162,0,1,98,21,810000000,0.04585052728106374,0,0
1776190065,1,10.0.0.1,10.0.0.3,167772161,167772163,0,1,98,21,802000000,0.045867351619117515,0,0
1776190065,1,10.0.0.1,10.0.0.4,167772161,167772164,0,1,98,21,795000000,0.045882083046570314,0,0
1776190065,1,10.0.0.1,10.0.0.5,167772161,167772165,0,1,98,21,787000000,0.045898930554918074,0,0
1776190065,1,10.0.0.1,10.0.0.6,167772161,167772166,0,1,98,21,779000000,0.04591579044033243,0,0
1776190065,1,10.0.0.2,10.0.0.3,167772162,167772163,0,1,98,21,766000000,0.04594321418726455,0,0
1776190065,1,10.0.0.2,10.0.0.4,167772162,167772164,0,1,98,21,756000000,0.045964331678617396,0,0
1776190065,1,10.0.0.2,10.0.0.5,167772162,167772165,0,1,98,21,747000000,0.045983354025842645,0,0
1776190065,1,10.0.0.2,10.0.0.6,167772162,167772166,0,1,98,21,739000000,0.04600027600165601,0,0
1776190065,1,10.0.0.3,10.0.0.4,167772163,167772164,0,1,98,21,724000000,0.04603203829865586,0,0
1776190065,1,10.0.0.3,10.0.0.5,167772163,167772165,0,1,98,21,716000000,0.046048996131884325,0,0
1776190065,1,10.0.0.3,10.0.0.6,167772163,167772166,0,1,98,21,708000000,0.04606596646397642,0,0
1776190065,1,10.0.0.4,10.0.0.5,167772164,167772165,0,1,98,21,687000000,0.04611057315442431,0,0
1776190065,1,10.0.0.4,10.0.0.6,167772164,167772166,0,1,98,21,678000000,0.04612971676353907,0,0
1776190065,1,10.0.0.5,10.0.0.6,167772165,167772166,0,1,98,21,653000000,0.046182976954694505,0,0
1776190067,1,10.0.0.1,10.0.0.2,167772161,167772162,0,1,98,23,813000000,0.04199386889514131,0,0
1776190067,1,10.0.0.1,10.0.0.3,167772161,167772163,0,1,98,23,805000000,0.04200798151648813,0,0
1776190067,1,10.0.0.1,10.0.0.4,167772161,167772164,0,1,98,23,798000000,0.04202033784351626,0,0
1776190067,1,10.0.0.1,10.0.0.5,167772161,167772165,0,1,98,23,790000000,0.042034468263976464,0,0
1776190067,1,10.0.0.1,10.0.0.6,167772161,167772166,0,1,98,23,782000000,0.04204860819106888,0,0
1776190067,1,10.0.0.2,10.0.0.3,167772162,167772163,0,1,98,23,769000000,0.04207160587319618,0,0
1776190067,1,10.0.0.2,10.0.0.4,167772162,167772164,0,1,98,23,759000000,0.04208931352329644,0,0
1776190067,1,10.0.0.2,10.0.0.5,167772162,167772165,0,1,98,23,750000000,0.042105263157894736,0,0
1776190067,1,10.0.0.2,10.0.0.6,167772162,167772166,0,1,98,23,742000000,0.04211945076236206,0,0
1776190067,1,10.0.0.3,10.0.0.4,167772163,167772164,0,1,98,23,727000000,0.042146078307413494,0,0
1776190067,1,10.0.0.3,10.0.0.5,167772163,167772165,0,1,98,23,719000000,0.04216029343564231,0,0
1776190067,1,10.0.0.3,10.0.0.6,167772163,167772166,0,1,98,23,711000000,0.04217451815613007,0,0
1776190067,1,10.0.0.4,10.0.0.5,167772164,167772165,0,1,98,23,690000000,0.04221190375685943,0,0
1776190067,1,10.0.0.4,10.0.0.6,167772164,167772166,0,1,98,23,681000000,0.042227946454963895,0,0
1776190067,1,10.0.0.5,10.0.0.6,167772165,167772166,0,1,98,23,656000000,0.042272573554277985,0,0
1776190069,1,10.0.0.1,10.0.0.2,167772161,167772162,0,1,98,25,821000000,0.038728166995856086,0,0
1776190069,1,10.0.0.1,10.0.0.3,167772161,167772163,0,1,98,25,813000000,0.03874016968194321,0,0
1776190069,1,10.0.0.1,10.0.0.4,167772161,167772164,0,1,98,25,806000000,0.038750678136867396,0,0
1776190069,1,10.0.0.1,10.0.0.5,167772161,167772165,0,1,98,25,798000000,0.03876269478254128,0,0
1776190069,1,10.0.0.1,10.0.0.6,167772161,167772166,0,1,98,25,790000000,0.038774718883288095,0,0
1776190069,1,10.0.0.2,10.0.0.3,167772162,167772163,0,1,98,25,777000000,0.03879427396516274,0,0
1776190069,1,10.0.0.2,10.0.0.4,167772162,167772164,0,1,98,25,767000000,0.038809329762874996,0,0
1776190069,1,10.0.0.2,10.0.0.5,167772162,167772165,0,1,98,25,758000000,0.03882288997592981,0,0
1776190069,1,10.0.0.2,10.0.0.6,167772162,167772166,0,1,98,25,750000000,0.038834951456310676,0,0
1776190069,1,10.0.0.3,10.0.0.4,167772163,167772164,0,1,98,25,735000000,0.03885758694385079,0,0
1776190069,1,10.0.0.3,10.0.0.5,167772163,167772165,0,1,98,25,727000000,0.03886966999650173,0,0
1776190069,1,10.0.0.3,10.0.0.6,167772163,167772166,0,1,98,25,719000000,0.03888176056611843,0,0
1776190069,1,10.0.0.4,10.0.0.5,167772164,167772165,0,1,98,25,698000000,0.03891353412716943,0,0
1776190069,1,10.0.0.4,10.0.0.6,167772164,167772166,0,1,98,25,689000000,0.03892716727003776,0,0
1776190069,1,10.0.0.5,10.0.0.6,167772165,167772166,0,1,98,25,664000000,0.038965087281795506,0,0
1776190265,1,10.0.0.1,10.0.0.2,167772161,167772162,0,1,98,2,939000000,0.3402517863218782,0,0
1776190265,1,10.0.0.1,10.0.0.3,167772161,167772163,0,1,98,2,930000000,0.341296928327645,0,0
1776190265,1,10.0.0.1,10.0.0.4,167772161,167772164,0,1,98,2,923000000,0.3421142661648991,0,0
1776190265,1,10.0.0.1,10.0.0.5,167772161,167772165,0,1,98,2,912000000,0.3434065934065934,0,0
1776190265,1,10.0.0.1,10.0.0.6,167772161,167772166,0,1,98,2,903000000,0.34447123665173957,0,0
1776190265,1,10.0.0.2,10.0.0.3,167772162,167772163,0,1,98,2,887000000,0.34638032559750603,0,0
1776190265,1,10.0.0.2,10.0.0.4,167772162,167772164,0,1,98,2,878000000,0.34746351633078526,0,0
1776190265,1,10.0.0.2,10.0.0.5,167772162,167772165,0,1,98,2,866000000,0.34891835310537334,0,0
1776190265,1,10.0.0.2,10.0.0.6,167772162,167772166,0,1,98,2,857000000,0.35001750087504374,0,0
1776190265,1,10.0.0.3,10.0.0.4,167772163,167772164,0,1,98,2,840000000,0.35211267605633806,0,0
1776190265,1,10.0.0.3,10.0.0.5,167772163,167772165,0,1,98,2,830000000,0.35335689045936397,0,0
1776190265,1,10.0.0.3,10.0.0.6,167772163,167772166,0,1,98,2,821000000,0.3544842254519674,0,0
1776190265,1,10.0.0.4,10.0.0.5,167772164,167772165,0,1,98,2,801000000,0.3570153516601214,0,0
1776190265,1,10.0.0.4,10.0.0.6,167772164,167772166,0,1,98,2,793000000,0.3580379520229144,0,0
1776190265,1,10.0.0.5,10.0.0.6,167772165,167772166,0,1,98,2,768000000,0.36127167630057805,0,0
1776190270,1,10.0.0.1,10.0.0.2,167772161,167772162,0,1,98,7,946000000,0.12584948401711554,0,0
1776190270,1,10.0.0.1,10.0.0.3,167772161,167772163,0,1,98,7,937000000,0.12599218848431396,0,0
1776190270,1,10.0.0.1,10.0.0.4,167772161,167772164,0,1,98,7,930000000,0.12610340479192939,0,0
1776190270,1,10.0.0.1,10.0.0.5,167772161,167772165,0,1,98,7,919000000,0.12627857052658162,0,0
1776190270,1,10.0.0.1,10.0.0.6,167772161,167772166,0,1,98,7,910000000,0.1264222503160556,0,0
1776190270,1,10.0.0.2,10.0.0.3,167772162,167772163,0,1,98,7,894000000,0.12667848999239928,0,0
1776190270,1,10.0.0.2,10.0.0.4,167772162,167772164,0,1,98,7,885000000,0.12682308180088778,0,0
1776190270,1,10.0.0.2,10.0.0.5,167772162,167772165,0,1,98,7,873000000,0.12701638511367966,0,0
1776190270,1,10.0.0.2,10.0.0.6,167772162,167772166,0,1,98,7,864000000,0.1271617497456765,0,0
1776190270,1,10.0.0.3,10.0.0.4,167772163,167772164,0,1,98,7,847000000,0.12743723716069835,0,0
1776190270,1,10.0.0.3,10.0.0.5,167772163,167772165,0,1,98,7,837000000,0.12759984688018375,0,0
1776190270,1,10.0.0.3,10.0.0.6,167772163,167772166,0,1,98,7,828000000,0.12774655084312722,0,0
1776190270,1,10.0.0.4,10.0.0.5,167772164,167772165,0,1,98,7,808000000,0.12807377049180327,0,0
1776190270,1,10.0.0.4,10.0.0.6,167772164,167772166,0,1,98,7,800000000,0.12820512820512822,0,0
1776190270,1,10.0.0.5,10.0.0.6,167772165,167772166,0,1,98,7,775000000,0.12861736334405144,0,0
1776190275,1,10.0.0.1,10.0.0.2,167772161,167772162,0,1,98,12,943000000,0.07726184037703779,0,0
1776190275,1,10.0.0.1,10.0.0.3,167772161,167772163,0,1,98,12,934000000,0.07731560228854183,0,0
1776190275,1,10.0.0.1,10.0.0.4,167772161,167772164,0,1,98,12,927000000,0.07735746886361879,0,0
1776190275,1,10.0.0.1,10.0.0.5,167772161,167772165,0,1,98,12,916000000,0.0774233508826262,0,0
1776190275,1,10.0.0.1,10.0.0.6,167772161,167772166,0,1,98,12,907000000,0.07747733787867049,0,0
1776190275,1,10.0.0.2,10.0.0.3,167772162,167772163,0,1,98,12,891000000,0.07757350089209526,0,0
1776190275,1,10.0.0.2,10.0.0.4,167772162,167772164,0,1,98,12,882000000,0.0776276975624903,0,0
1776190275,1,10.0.0.2,10.0.0.5,167772162,167772165,0,1,98,12,870000000,0.07770007770007771,0,0
1776190275,1,10.0.0.2,10.0.0.6,167772162,167772166,0,1,98,12,861000000,0.07775445144234507,0,0
1776190275,1,10.0.0.3,10.0.0.4,167772163,167772164,0,1,98,12,844000000,0.07785736530675802,0,0
1776190275,1,10.0.0.3,10.0.0.5,167772163,167772165,0,1,98,12,834000000,0.07791803023219573,0,0
1776190275,1,10.0.0.3,10.0.0.6,167772163,167772166,0,1,98,12,825000000,0.07797270955165693,0,0
1776190275,1,10.0.0.4,10.0.0.5,167772164,167772165,0,1,98,12,805000000,0.07809449433814916,0,0
1776190275,1,10.0.0.4,10.0.0.6,167772164,167772166,0,1,98,12,797000000,0.07814331483941549,0,0
1776190275,1,10.0.0.5,10.0.0.6,167772165,167772166,0,1,98,12,772000000,0.07829627309740056,0,0
1776190280,1,10.0.0.1,10.0.0.2,167772161,167772162,0,1,98,17,944000000,0.05572893446277308,0,0
1776190280,1,10.0.0.1,10.0.0.3,167772161,167772163,0,1,98,17,935000000,0.055756899916364656,0,0
1776190280,1,10.0.0.1,10.0.0.4,167772161,167772164,0,1,98,17,928000000,0.05577867023650156,0,0
1776190280,1,10.0.0.1,10.0.0.5,167772161,167772165,0,1,98,17,917000000,0.05581291510855611,0,0
1776190280,1,10.0.0.1,10.0.0.6,167772161,167772166,0,1,98,17,908000000,0.05584096493187402,0,0
1776190280,1,10.0.0.2,10.0.0.3,167772162,167772163,0,1,98,17,892000000,0.0558909009613235,0,0
1776190280,1,10.0.0.2,10.0.0.4,167772162,167772164,0,1,98,17,883000000,0.0559190292456523,0,0
1776190280,1,10.0.0.2,10.0.0.5,167772162,167772165,0,1,98,17,871000000,0.05595657769570814,0,0
1776190280,1,10.0.0.2,10.0.0.6,167772162,167772166,0,1,98,17,862000000,0.05598477214197739,0,0
1776190280,1,10.0.0.3,10.0.0.4,167772163,167772164,0,1,98,17,845000000,0.05603810591202018,0,0
1776190280,1,10.0.0.3,10.0.0.5,167772163,167772165,0,1,98,17,835000000,0.0560695262125035,0,0
1776190280,1,10.0.0.3,10.0.0.6,167772163,167772166,0,1,98,17,826000000,0.05609783462358353,0,0
1776190280,1,10.0.0.4,10.0.0.5,167772164,167772165,0,1,98,17,806000000,0.05616084465910367,0,0
1776190280,1,10.0.0.4,10.0.0.6,167772164,167772166,0,1,98,17,798000000,0.05618608832453084,0,0
1776190280,1,10.0.0.5,10.0.0.6,167772165,167772166,0,1,98,17,773000000,0.0562651212513363,0,0
1776190285,1,10.0.0.1,10.0.0.2,167772161,167772162,0,1,98,22,946000000,0.04358058049333217,0,0
1776190285,1,10.0.0.1,10.0.0.3,167772161,167772163,0,1,98,22,937000000,0.0435976806033919,0,0
1776190285,1,10.0.0.1,10.0.0.4,167772161,167772164,0,1,98,22,930000000,0.04361098996947231,0,0
1776190285,1,10.0.0.1,10.0.0.5,167772161,167772165,0,1,98,22,919000000,0.04363192111348663,0,0
1776190285,1,10.0.0.1,10.0.0.6,167772161,167772166,0,1,98,22,910000000,0.04364906154517678,0,0
1776190285,1,10.0.0.2,10.0.0.3,167772162,167772163,0,1,98,22,894000000,0.04367956669869835,0,0
1776190285,1,10.0.0.2,10.0.0.4,167772162,167772164,0,1,98,22,885000000,0.043696744592527856,0,0
1776190285,1,10.0.0.2,10.0.0.5,167772162,167772165,0,1,98,22,873000000,0.043719669479298735,0,0
1776190285,1,10.0.0.2,10.0.0.6,167772162,167772166,0,1,98,22,864000000,0.043736878936319105,0,0
1776190285,1,10.0.0.3,10.0.0.4,167772163,167772164,0,1,98,22,847000000,0.04376942268131483,0,0
1776190285,1,10.0.0.3,10.0.0.5,167772163,167772165,0,1,98,22,837000000,0.0437885886937864,0,0
1776190285,1,10.0.0.3,10.0.0.6,167772163,167772166,0,1,98,22,828000000,0.04380585246188891,0,0
1776190285,1,10.0.0.4,10.0.0.5,167772164,167772165,0,1,98,22,808000000,0.04384426517011575,0,0
1776190285,1,10.0.0.4,10.0.0.6,167772164,167772166,0,1,98,22,800000000,0.043859649122807015,0,0
1776190285,1,10.0.0.5,10.0.0.6,167772165,167772166,0,1,98,22,775000000,0.043907793633369926,0,0
1776190290,1,10.0.0.1,10.0.0.2,167772161,167772162,0,1,98,27,947000000,0.03578201595877912,0,0
1776190290,1,10.0.0.1,10.0.0.3,167772161,167772163,0,1,98,27,938000000,0.03579354284487079,0,0
1776190290,1,10.0.0.1,10.0.0.4,167772161,167772164,0,1,98,27,931000000,0.03580251333643621,0,0
1776190290,1,10.0.0.1,10.0.0.5,167772161,167772165,0,1,98,27,920000000,0.03581661891117478,0,0
1776190290,1,10.0.0.1,10.0.0.6,167772161,167772166,0,1,98,27,911000000,0.03582816810576475,0,0
1776190290,1,10.0.0.2,10.0.0.3,167772162,167772163,0,1,98,27,895000000,0.0358487184083169,0,0
1776190290,1,10.0.0.2,10.0.0.4,167772162,167772164,0,1,98,27,886000000,0.035860288316718066,0,0
1776190290,1,10.0.0.2,10.0.0.5,167772162,167772165,0,1,98,27,874000000,0.03587572648346129,0,0
1776190290,1,10.0.0.2,10.0.0.6,167772162,167772166,0,1,98,27,865000000,0.03588731383455949,0,0
1776190290,1,10.0.0.3,10.0.0.4,167772163,167772164,0,1,98,27,848000000,0.03590922148807814,0,0
1776190290,1,10.0.0.3,10.0.0.5,167772163,167772165,0,1,98,27,838000000,0.03592212084201451,0,0
1776190290,1,10.0.0.3,10.0.0.6,167772163,167772166,0,1,98,27,829000000,0.03593373818678357,0,0
1776190290,1,10.0.0.4,10.0.0.5,167772164,167772165,0,1,98,27,809000000,0.03595958143047215,0,0
1776190290,1,10.0.0.4,10.0.0.6,167772164,167772166,0,1,98,27,801000000,0.0359699291392396,0,0
1776190290,1,10.0.0.5,10.0.0.6,167772165,167772166,0,1,98,27,776000000,0.03600230414746544,0,0
